ID;type;airline
1;A300;Olympic Air
2;A319;Olympic Air
3;A319;Olympic Air
4;A319;Olympic Air
5;A319;Olympic Air
6;A320;Olympic Air
7;A320;Olympic Air
8;A320;Olympic Air
9;A320;Olympic Air
10;A320;Olympic Air
11;A320;Olympic Air
12;A320;Olympic Air
13;A320;Olympic Air
14;A320;Olympic Air
15;A320;Olympic Air
16;A320;Olympic Air
17;A320;Olympic Air
18;A320;Olympic Air
19;A320;Olympic Air
20;A320;Olympic Air
21;A320;Olympic Air
22;A320;Olympic Air
23;A320;Olympic Air
24;A320;Olympic Air
25;A321;Olympic Air
26;A321;Olympic Air
27;A321;Olympic Air
28;A321;Olympic Air
29;A321;Olympic Air
30;A330;Olympic Air
31;A330;Olympic Air
32;A330;Olympic Air
33;A330;Olympic Air
34;A330;Olympic Air
35;A340;Olympic Air
36;A340;Olympic Air
37;A340;Olympic Air
38;A340;Olympic Air
39;A350;Olympic Air
40;A380;Olympic Air
41;RJ100;Olympic Air
42;RJ100;Olympic Air
43;RJ100;Olympic Air
44;RJ100;Olympic Air
45;RJ100;Olympic Air
46;RJ100;Olympic Air
47;B727;Olympic Air
48;B737;Olympic Air
49;B737;Olympic Air
50;B737;Olympic Air
51;B737;Olympic Air
52;B737;Olympic Air
53;B737;Olympic Air
54;B737;Olympic Air
55;B737;Olympic Air
56;B737;Olympic Air
57;B737;Olympic Air
58;B737;Olympic Air
59;B737;Olympic Air
60;B737;Olympic Air
61;B737;Olympic Air
62;B737;Olympic Air
63;B737;Olympic Air
64;B737;Olympic Air
65;B737;Olympic Air
66;B737;Olympic Air
67;B737;Olympic Air
68;B737;Olympic Air
69;B737;Olympic Air
70;B737;Olympic Air
71;B737;Olympic Air
72;B737;Olympic Air
73;B737;Olympic Air
74;B737;Olympic Air
75;B737;Olympic Air
76;B737;Olympic Air
77;B737;Olympic Air
78;B737;Olympic Air
79;B737;Olympic Air
80;B737;Olympic Air
81;B737;Olympic Air
82;B737;Olympic Air
83;B737;Olympic Air
84;B737;Olympic Air
85;B737;Olympic Air
86;B747;Olympic Air
87;B747;Olympic Air
88;B747;Olympic Air
89;B747;Olympic Air
90;B747;Olympic Air
91;B747;Olympic Air
92;B747;Olympic Air
93;B747;Olympic Air
94;B747;Olympic Air
95;B747;Olympic Air
96;B747;Olympic Air
97;B747;Olympic Air
98;B747;Olympic Air
99;B757;Olympic Air
100;B757;Olympic Air
101;B757;Olympic Air
102;B767;Olympic Air
103;B777;Olympic Air
104;B777;Olympic Air
105;B777;Olympic Air
106;B777;Olympic Air
107;B777;Olympic Air
108;B777;Olympic Air
109;B777;Olympic Air
110;B777;Olympic Air
111;B777;Olympic Air
112;B777;Olympic Air
113;B777;Olympic Air
114;B777;Olympic Air
115;B777;Olympic Air
116;B777;Olympic Air
117;B777;Olympic Air
118;B777;Olympic Air
119;B777;Olympic Air
120;B777;Olympic Air
121;B777;Olympic Air
122;B777;Olympic Air
123;B777;Olympic Air
124;B777;Olympic Air
125;B777;Olympic Air
126;B777;Olympic Air
127;B777;Olympic Air
128;B777;Olympic Air
129;B777;Olympic Air
130;B777;Olympic Air
131;B777;Olympic Air
132;DASH8;Olympic Air
133;DASH8;Olympic Air
134;DASH8;Olympic Air
135;DASH8;Olympic Air
136;DASH8;Olympic Air
137;DASH8;Olympic Air
138;DASH8;Olympic Air
139;DASH8;Olympic Air
140;DASH8;Olympic Air
141;MD11;Olympic Air
142;MD11;Olympic Air
143;MD11;Olympic Air
144;MD11;Olympic Air
145;MD11;Olympic Air
146;MD11;Olympic Air
147;MD11;Olympic Air
148;MD11;Olympic Air
149;MD11;Olympic Air
150;MD11;Olympic Air
151;MD11;Olympic Air
152;MD11;Olympic Air
153;MD82;Olympic Air
154;MD82;Olympic Air
155;A320;Aegean Airlines
156;A320;Aegean Airlines
157;A320;Aegean Airlines
158;A320;Aegean Airlines
159;A320;Aegean Airlines
160;A320;Aegean Airlines
161;A320;Aegean Airlines
162;A320;Aegean Airlines
163;A320;Aegean Airlines
164;A320;Aegean Airlines
165;A320;Aegean Airlines
166;A320;Aegean Airlines
167;A320;Aegean Airlines
168;A320;Aegean Airlines
169;A321;Aegean Airlines
170;A321;Aegean Airlines
171;A321;Aegean Airlines
172;A321;Aegean Airlines
173;A321;Aegean Airlines
174;A321;Aegean Airlines
175;A321;Aegean Airlines
176;A321;Aegean Airlines
177;A321;Aegean Airlines
178;A321;Aegean Airlines
179;A321;Aegean Airlines
180;A321;Aegean Airlines
181;A321;Aegean Airlines
182;A321;Aegean Airlines
183;A321;Aegean Airlines
184;A321;Aegean Airlines
185;A321;Aegean Airlines
186;A321;Aegean Airlines
187;A320;Aegean Airlines
188;A320;Aegean Airlines
189;A320;Aegean Airlines
190;A320;Aegean Airlines
191;A320;Aegean Airlines
192;A320;Aegean Airlines
193;A320;Aegean Airlines
194;A320;Aegean Airlines
195;A320;Aegean Airlines
196;A320;Aegean Airlines
197;A320;Aegean Airlines
198;A320;Aegean Airlines
199;A320;Aegean Airlines
200;A320;Aegean Airlines
201;A320;Aegean Airlines
202;A320;Aegean Airlines
203;A320;Aegean Airlines
204;A320;Aegean Airlines
205;A320;Aegean Airlines
206;A320;Aegean Airlines
207;A320;Aegean Airlines
208;A320;Aegean Airlines
209;A320;Aegean Airlines
210;A320;Aegean Airlines
211;A320;Aegean Airlines
212;A320;Aegean Airlines
213;A320;Aegean Airlines
214;DASH8;Aegean Airlines
215;DASH8;Aegean Airlines
216;ATR42;Aegean Airlines
217;ATR42;Aegean Airlines
218;ATR42;Aegean Airlines
219;ATR72;Aegean Airlines
220;ATR72;Aegean Airlines
221;ATR72;Aegean Airlines
222;ATR72;Aegean Airlines
223;ATR72;Aegean Airlines
224;ATR72;Aegean Airlines
225;ATR72;Aegean Airlines
226;ATR72;Aegean Airlines
227;ATR72;Aegean Airlines
228;ATR72;Aegean Airlines
229;ATR42;SKY express
230;ATR42;SKY express
231;ATR42;SKY express
232;ATR42;SKY express
233;ATR42;SKY express
234;ATR42;SKY express
235;ATR72;SKY express
236;ATR72;SKY express
237;ATR72;SKY express
238;ATR72;SKY express
239;ATR72;SKY express
240;ATR72;SKY express
241;A320;SKY express
242;A320;SKY express
243;A320;SKY express
244;A320;SKY express
245;A320;SKY express
246;A320;SKY express
247;A320;SKY express
248;A320;SKY express
249;A320;SKY express
250;A321;SKY express
251;A321;SKY express
252;B737;Ryanair
253;B737;Ryanair
254;B737;Ryanair
255;B737;Ryanair
256;B737;Ryanair
257;B737;Ryanair
258;B737;Ryanair
259;B737;Ryanair
260;B737;Ryanair
261;B737;Ryanair
262;B737;Ryanair
263;B737;Ryanair
264;B737;Ryanair
265;B737;Ryanair
266;B737;Ryanair
267;B737;Ryanair
268;B737;Ryanair
269;B737;Ryanair
270;B737;Ryanair
271;B737;Ryanair
272;B737;Ryanair
273;B737;Ryanair
274;B737;Ryanair
275;B737;Ryanair
276;B737;Ryanair
277;B737;Ryanair
278;B737;Ryanair
279;B737;Ryanair
280;B737;Ryanair
281;B737;Ryanair
282;B737;Ryanair
283;B737;Ryanair
284;B737;Ryanair
285;B737;Ryanair
286;B737;Ryanair
287;B737;Ryanair
288;B737;Ryanair
289;B737;Ryanair
290;B737;Ryanair
291;B737;Ryanair
292;B737;Ryanair
293;B737;Ryanair
294;B737;Ryanair
295;B737;Ryanair
296;B737;Ryanair
297;B737;Ryanair
298;B737;Ryanair
299;B737;Ryanair
300;B737;Ryanair
301;B737;Ryanair
302;B737;Ryanair
303;B737;Ryanair
304;B737;Ryanair
305;B737;Ryanair
306;B737;Ryanair
307;B737;Ryanair
308;B737;Ryanair
309;B737;Ryanair
310;B737;Ryanair
311;B737;Ryanair
312;B737;Ryanair
313;B737;Ryanair
314;B737;Ryanair
315;B737;Ryanair
316;B737;Ryanair
317;B737;Ryanair
318;B737;Ryanair
319;B737;Ryanair
320;B737;Ryanair
321;B737;Ryanair
322;B737;Ryanair
323;B737;Ryanair
324;B737;Ryanair
325;B737;Ryanair
326;B737;Ryanair
327;B737;Ryanair
328;B737;Ryanair
329;B737;Ryanair
330;B737;Ryanair
331;B737;Ryanair
332;B737;Ryanair
333;B737;Ryanair
334;B737;Ryanair
335;B737;Ryanair
336;B737;Ryanair
337;B737;Ryanair
338;B737;Ryanair
339;B737;Ryanair
340;B737;Ryanair
341;B737;Ryanair
342;B737;Ryanair
343;B737;Ryanair
344;B737;Ryanair
345;B737;Ryanair
346;B737;Ryanair
347;B737;Ryanair
348;B737;Ryanair
349;B737;Ryanair
350;B737;Ryanair
351;B737;Ryanair
352;B737;Ryanair
353;B737;Ryanair
354;B737;Ryanair
355;B737;Ryanair
356;B737;Ryanair
357;B737;Ryanair
358;B737;Ryanair
359;B737;Ryanair
360;B737;Ryanair
361;B737;Ryanair
362;B737;Ryanair
363;B737;Ryanair
364;B737;Ryanair
365;B737;Ryanair
366;B737;Ryanair
367;B737;Ryanair
368;B737;Ryanair
369;B737;Ryanair
370;B737;Ryanair
371;B737;Ryanair
372;B737;Ryanair
373;B737;Ryanair
374;B737;Ryanair
375;B737;Ryanair
376;B737;Ryanair
377;B737;Ryanair
378;B737;Ryanair
379;B737;Ryanair
380;B737;Ryanair
381;B737;Ryanair
382;B737;Ryanair
383;B737;Ryanair
384;B737;Ryanair
385;B737;Ryanair
386;B737;Ryanair
387;B737;Ryanair
388;B737;Ryanair
389;B737;Ryanair
390;B737;Ryanair
391;B737;Ryanair
392;B737;Ryanair
393;B737;Ryanair
394;B737;Ryanair
395;B737;Ryanair
396;B737;Ryanair
397;B737;Ryanair
398;B737;Ryanair
399;B737;Ryanair
400;B737;Ryanair
401;B737;Ryanair
402;B737;Ryanair
403;B737;Ryanair
404;B737;Ryanair
405;B737;Ryanair
406;B737;Ryanair
407;B737;Ryanair
408;B737;Ryanair
409;B737;Ryanair
410;B737;Ryanair
411;B737;Ryanair
412;B737;Ryanair
413;B737;Ryanair
414;B737;Ryanair
415;B737;Ryanair
416;B737;Ryanair
417;B737;Ryanair
418;B737;Ryanair
419;B737;Ryanair
420;B737;Ryanair
421;B737;Ryanair
422;B737;Ryanair
423;B737;Ryanair
424;B737;Ryanair
425;B737;Ryanair
426;B737;Ryanair
427;B737;Ryanair
428;B737;Ryanair
429;B737;Ryanair
430;B737;Ryanair
431;B737;Ryanair
432;B737;Ryanair
433;B737;Ryanair
434;B737;Ryanair
435;B737;Ryanair
436;B737;Ryanair
437;B737;Ryanair
438;B737;Ryanair
439;B737;Ryanair
440;B737;Ryanair
441;B737;Ryanair
442;B737;Ryanair
443;B737;Ryanair
444;B737;Ryanair
445;B737;Ryanair
446;B737;Ryanair
447;B737;Ryanair
448;B737;Ryanair
449;B737;Ryanair
450;B737;Ryanair
451;B737;Ryanair
452;B737;Ryanair
453;B737;Ryanair
454;B737;Ryanair
455;B737;Ryanair
456;B737;Ryanair
457;B737;Ryanair
458;B737;Ryanair
459;B737;Ryanair
460;B737;Ryanair
461;B737;Ryanair
462;B737;Ryanair
463;B737;Ryanair
464;B737;Ryanair
465;B737;Ryanair
466;B737;Ryanair
467;B737;Ryanair
468;B737;Ryanair
469;B737;Ryanair
470;B737;Ryanair
471;B737;Ryanair
472;B737;Ryanair
473;B737;Ryanair
474;B737;Ryanair
475;B737;Ryanair
476;B737;Ryanair
477;B737;Ryanair
478;B737;Ryanair
479;B737;Ryanair
480;B737;Ryanair
481;B737;Ryanair
482;B737;Ryanair
483;B737;Ryanair
484;B737;Ryanair
485;B737;Ryanair
486;B737;Ryanair
487;B737;Ryanair
488;B737;Ryanair
489;B737;Ryanair
490;B737;Ryanair
491;B737;Ryanair
492;B737;Ryanair
493;B737;Ryanair
494;B737;Ryanair
495;B737;Ryanair
496;B737;Ryanair
497;B737;Ryanair
498;B737;Ryanair
499;B737;Ryanair
500;B737;Ryanair
501;B737;Ryanair
502;B737;Ryanair
503;B737;Ryanair
504;B737;Ryanair
505;B737;Ryanair
506;B737;Ryanair
507;B737;Ryanair
508;B737;Ryanair
509;B737;Ryanair
510;B737;Ryanair
511;B737;Ryanair
512;B737;Ryanair
513;B737;Ryanair
514;B737;Ryanair
515;B737;Ryanair
516;B737;Ryanair
517;B737;Ryanair
518;B737;Ryanair
519;B737;Ryanair
520;B737;Ryanair
521;B737;Ryanair
522;B737;Ryanair
523;B737;Ryanair
524;B737;Ryanair
525;B737;Ryanair
526;B737;Ryanair
527;B737;Ryanair
528;B737;Ryanair
529;B737;Ryanair
530;B737;Ryanair
531;B737;Ryanair
532;B737;Ryanair
533;B737;Ryanair
534;B737;Ryanair
535;B737;Ryanair
536;B737;Ryanair
537;B737;Ryanair
538;B737;Ryanair
539;B737;Ryanair
540;B737;Ryanair
541;B737;Ryanair
542;B737;Ryanair
543;B737;Ryanair
544;B737;Ryanair
545;B737;Ryanair
546;B737;Ryanair
547;B737;Ryanair
548;B737;Ryanair
549;B737;Ryanair
550;B737;Ryanair
551;B737;Ryanair
552;B737;Ryanair
553;B737;Ryanair
554;B737;Ryanair
555;B737;Ryanair
556;B737;Ryanair
557;B737;Ryanair
558;B737;Ryanair
559;B737;Ryanair
560;B737;Ryanair
561;B737;Ryanair
562;B737;Ryanair
563;B737;Ryanair
564;B737;Ryanair
565;B737;Ryanair
566;B737;Ryanair
567;B737;Ryanair
568;B737;Ryanair
569;B737;Ryanair
570;B737;Ryanair
571;B737;Ryanair
572;B737;Ryanair
573;B737;Ryanair
574;B737;Ryanair
575;B737;Ryanair
576;B737;Ryanair
577;B737;Ryanair
578;B737;Ryanair
579;B737;Ryanair
580;B737;Ryanair
581;B737;Ryanair
582;B737;Ryanair
583;B737;Ryanair
584;B737;Ryanair
585;B737;Ryanair
586;B737;Ryanair
587;B737;Ryanair
588;B737;Ryanair
589;B737;Ryanair
590;B737;Ryanair
591;B737;Ryanair
592;B737;Ryanair
593;B737;Ryanair
594;B737;Ryanair
595;B737;Ryanair
596;B737;Ryanair
597;B737;Ryanair
598;B737;Ryanair
599;B737;Ryanair
600;B737;Ryanair
601;B737;Ryanair
602;B737;Ryanair
603;B737;Ryanair
604;B737;Ryanair
605;B737;Ryanair
606;B737;Ryanair
607;B737;Ryanair
608;B737;Ryanair
609;B737;Ryanair
610;B737;Ryanair
611;B737;Ryanair
612;B737;Ryanair
613;B737;Ryanair
614;B737;Ryanair
615;B737;Ryanair
616;B737;Ryanair
617;B737;Ryanair
618;B737;Ryanair
619;B737;Ryanair
620;B737;Ryanair
621;B737;Ryanair
622;B737;Ryanair
623;B737;Ryanair
624;B737;Ryanair
625;B737;Ryanair
626;B737;Ryanair
627;B737;Ryanair
628;B737;Ryanair
629;B737;Ryanair
630;B737;Ryanair
631;B737;Ryanair
632;B737;Ryanair
633;B737;Ryanair
634;B737;Ryanair
635;B737;Ryanair
636;B737;Ryanair
637;B737;Ryanair
638;B737;Ryanair
639;B737;Ryanair
640;B737;Ryanair
641;B737;Ryanair
642;B737;Ryanair
643;B737;Ryanair
644;B737;Ryanair
645;B737;Ryanair
646;B737;Ryanair
647;B737;Ryanair
648;B737;Ryanair
649;B737;Ryanair
650;B737;Ryanair
651;B737;Ryanair
652;B737;Ryanair
653;A320;Ryanair
654;A320;Ryanair
655;A320;Ryanair
656;A320;Ryanair
657;A320;Ryanair
658;A320;Ryanair
659;A320;Ryanair
660;A320;Ryanair
661;A320;Ryanair
662;A320;Ryanair
663;A320;Ryanair
664;A320;Ryanair
665;A320;Ryanair
666;A320;Ryanair
667;A320;Ryanair
668;A320;Ryanair
669;A320;Ryanair
670;A320;Ryanair
671;A320;Ryanair
672;A320;Ryanair
673;A320;Ryanair
674;A320;Ryanair
675;A320;Ryanair
676;A320;Ryanair
677;A320;Ryanair
678;A320;Ryanair
679;A320;Ryanair
680;A320;Ryanair
681;A320;Ryanair
682;A320;Ryanair
683;A380;Etihad Airways
684;A380;Etihad Airways
685;A380;Etihad Airways
686;A380;Etihad Airways
687;A350;Etihad Airways
688;A350;Etihad Airways
689;A350;Etihad Airways
690;A350;Etihad Airways
691;A350;Etihad Airways
692;A320;Etihad Airways
693;A320;Etihad Airways
694;A320;Etihad Airways
695;A320;Etihad Airways
696;A320;Etihad Airways
697;A320;Etihad Airways
698;A320;Etihad Airways
699;A320;Etihad Airways
700;A320;Etihad Airways
701;A320;Etihad Airways
702;A320;Etihad Airways
703;A320;Etihad Airways
704;A320;Etihad Airways
705;A320;Etihad Airways
706;A320;Etihad Airways
707;A320;Etihad Airways
708;A320;Etihad Airways
709;A320;Etihad Airways
710;A320;Etihad Airways
711;B787;Etihad Airways
712;B787;Etihad Airways
713;B787;Etihad Airways
714;B787;Etihad Airways
715;B787;Etihad Airways
716;B787;Etihad Airways
717;B787;Etihad Airways
718;B787;Etihad Airways
719;B787;Etihad Airways
720;B787;Etihad Airways
721;B787;Etihad Airways
722;B787;Etihad Airways
723;B787;Etihad Airways
724;B787;Etihad Airways
725;B787;Etihad Airways
726;B787;Etihad Airways
727;B787;Etihad Airways
728;B787;Etihad Airways
729;B787;Etihad Airways
730;B787;Etihad Airways
731;B787;Etihad Airways
732;B787;Etihad Airways
733;B787;Etihad Airways
734;B787;Etihad Airways
735;B787;Etihad Airways
736;B787;Etihad Airways
737;B787;Etihad Airways
738;B787;Etihad Airways
739;B787;Etihad Airways
740;B787;Etihad Airways
741;B787;Etihad Airways
742;B787;Etihad Airways
743;B787;Etihad Airways
744;B787;Etihad Airways
745;B787;Etihad Airways
746;B787;Etihad Airways
747;B787;Etihad Airways
748;B787;Etihad Airways
749;B787;Etihad Airways
750;B777;Etihad Airways
751;B777;Etihad Airways
752;B777;Etihad Airways
753;B777;Etihad Airways
754;B777;Etihad Airways
755;B777;Etihad Airways
756;B777;Etihad Airways
757;A320;SAS
758;A320;SAS
759;A320;SAS
760;A320;SAS
761;A320;SAS
762;A320;SAS
763;A320;SAS
764;A320;SAS
765;A320;SAS
766;A320;SAS
767;A320;SAS
768;A320;SAS
769;A320;SAS
770;A320;SAS
771;A320;SAS
772;A320;SAS
773;A320;SAS
774;A320;SAS
775;A320;SAS
776;A320;SAS
777;A320;SAS
778;A320;SAS
779;A320;SAS
780;A320;SAS
781;B737;SAS
782;B737;SAS
783;B737;SAS
784;B737;SAS
785;B737;SAS
786;B737;SAS
787;B737;SAS
788;B737;SAS
789;B737;SAS
790;B737;SAS
791;B737;SAS
792;B737;SAS
793;B737;SAS
794;B737;SAS
795;B737;SAS
796;B737;SAS
797;B737;SAS
798;B737;SAS
799;B737;SAS
800;B737;SAS
801;B737;SAS
802;B737;SAS
803;B737;SAS
804;B737;SAS
805;B737;SAS
806;B737;SAS
807;B737;SAS
808;B737;SAS
809;B737;SAS
810;B737;SAS
811;B737;SAS
812;B737;SAS
813;B737;SAS
814;B737;SAS
815;B737;SAS
816;B737;SAS
817;B737;SAS
818;B737;SAS
819;B737;SAS
820;B737;SAS
821;B737;SAS
822;B737;SAS
823;B737;SAS
824;B737;SAS
825;B737;SAS
826;B737;SAS
827;B737;SAS
828;B737;SAS
829;B737;SAS
830;B737;SAS
831;B737;SAS
832;B737;SAS
833;B737;SAS
834;B737;SAS
835;B737;SAS
836;B737;SAS
837;B737;SAS
838;B737;SAS
839;B737;SAS
840;B737;SAS
841;B737;SAS
842;B737;SAS
843;B737;SAS
844;B737;SAS
845;CRJ900;SAS
846;CRJ900;SAS
847;CRJ900;SAS
848;CRJ900;SAS
849;CRJ900;SAS
850;CRJ900;SAS
851;CRJ900;SAS
852;CRJ900;SAS
853;CRJ900;SAS
854;CRJ900;SAS
855;CRJ900;SAS
856;CRJ900;SAS
857;CRJ900;SAS
858;CRJ900;SAS
859;CRJ900;SAS
860;CRJ900;SAS
861;CRJ900;SAS
862;CRJ900;SAS
863;CRJ900;SAS
864;CRJ900;SAS
865;CRJ900;SAS
866;CRJ900;SAS
867;CRJ900;SAS
868;CRJ900;SAS
869;CRJ900;SAS
870;CRJ900;SAS
871;CRJ900;SAS
872;CRJ900;SAS
873;A330;SAS
874;A330;SAS
875;A330;SAS
876;A330;SAS
877;A330;SAS
878;A330;SAS
879;A330;SAS
880;A330;SAS
881;A330;SAS
882;A350;SAS
883;A350;SAS
884;A350;SAS
885;A350;SAS
886;A350;SAS
887;A350;SAS
888;A350;SAS
889;A350;SAS
890;ATR72;SAS
891;ATR72;SAS
892;ATR72;SAS
893;ATR72;SAS
894;ATR72;SAS
895;ATR72;SAS
896;ATR72;SAS
897;ATR72;SAS
898;ATR72;SAS
899;ATR72;SAS
900;A320;Gulf Air
901;A320;Gulf Air
902;A320;Gulf Air
903;A320;Gulf Air
904;A320;Gulf Air
905;A320;Gulf Air
906;A320;Gulf Air
907;A320;Gulf Air
908;A320;Gulf Air
909;A320;Gulf Air
910;A320;Gulf Air
911;A320;Gulf Air
912;A320;Gulf Air
913;A320;Gulf Air
914;A321;Gulf Air
915;A321;Gulf Air
916;A321;Gulf Air
917;A321;Gulf Air
918;A321;Gulf Air
919;A321;Gulf Air
920;B787;Gulf Air
921;B787;Gulf Air
922;B787;Gulf Air
923;B787;Gulf Air
924;B787;Gulf Air
925;B787;Gulf Air
926;B787;Gulf Air
927;B787;Gulf Air
928;A320;British Airways
929;A320;British Airways
930;A320;British Airways
931;A320;British Airways
932;A320;British Airways
933;A320;British Airways
934;A320;British Airways
935;A320;British Airways
936;A320;British Airways
937;A320;British Airways
938;A320;British Airways
939;A320;British Airways
940;A320;British Airways
941;A320;British Airways
942;A320;British Airways
943;A320;British Airways
944;A320;British Airways
945;A320;British Airways
946;A320;British Airways
947;A320;British Airways
948;A320;British Airways
949;A320;British Airways
950;A320;British Airways
951;A320;British Airways
952;A320;British Airways
953;A320;British Airways
954;A320;British Airways
955;A320;British Airways
956;A320;British Airways
957;A320;British Airways
958;A320;British Airways
959;A320;British Airways
960;A320;British Airways
961;A320;British Airways
962;A320;British Airways
963;A320;British Airways
964;A320;British Airways
965;A320;British Airways
966;A320;British Airways
967;A320;British Airways
968;A320;British Airways
969;A320;British Airways
970;A320;British Airways
971;A320;British Airways
972;A320;British Airways
973;A320;British Airways
974;A320;British Airways
975;A320;British Airways
976;A320;British Airways
977;A320;British Airways
978;A320;British Airways
979;A320;British Airways
980;A320;British Airways
981;A320;British Airways
982;A320;British Airways
983;A320;British Airways
984;A321;British Airways
985;A321;British Airways
986;A321;British Airways
987;A321;British Airways
988;A321;British Airways
989;A321;British Airways
990;A321;British Airways
991;A321;British Airways
992;A321;British Airways
993;A321;British Airways
994;A321;British Airways
995;A321;British Airways
996;A321;British Airways
997;A321;British Airways
998;A350;British Airways
999;A350;British Airways
1000;A350;British Airways
1001;A350;British Airways
1002;A350;British Airways
1003;A350;British Airways
1004;A350;British Airways
1005;A350;British Airways
1006;A350;British Airways
1007;A350;British Airways
1008;A350;British Airways
1009;A350;British Airways
1010;A350;British Airways
1011;A350;British Airways
1012;A350;British Airways
1013;A350;British Airways
1014;A380;British Airways
1015;A380;British Airways
1016;A380;British Airways
1017;A380;British Airways
1018;A380;British Airways
1019;A380;British Airways
1020;A380;British Airways
1021;A380;British Airways
1022;A380;British Airways
1023;A380;British Airways
1024;A380;British Airways
1025;A380;British Airways
1026;B777;British Airways
1027;B777;British Airways
1028;B777;British Airways
1029;B777;British Airways
1030;B777;British Airways
1031;B777;British Airways
1032;B777;British Airways
1033;B777;British Airways
1034;B777;British Airways
1035;B777;British Airways
1036;B777;British Airways
1037;B777;British Airways
1038;B777;British Airways
1039;B777;British Airways
1040;B777;British Airways
1041;B777;British Airways
1042;B777;British Airways
1043;B777;British Airways
1044;B777;British Airways
1045;B777;British Airways
1046;B777;British Airways
1047;B777;British Airways
1048;B777;British Airways
1049;B777;British Airways
1050;B777;British Airways
1051;B777;British Airways
1052;B777;British Airways
1053;B777;British Airways
1054;B777;British Airways
1055;B777;British Airways
1056;B777;British Airways
1057;B777;British Airways
1058;B777;British Airways
1059;B777;British Airways
1060;B777;British Airways
1061;B777;British Airways
1062;B777;British Airways
1063;B777;British Airways
1064;B777;British Airways
1065;B777;British Airways
1066;B777;British Airways
1067;B777;British Airways
1068;B777;British Airways
1069;B787;British Airways
1070;B787;British Airways
1071;B787;British Airways
1072;B787;British Airways
1073;B787;British Airways
1074;B787;British Airways
1075;B787;British Airways
1076;B787;British Airways
1077;B787;British Airways
1078;B787;British Airways
1079;B787;British Airways
1080;B787;British Airways
1081;B787;British Airways
1082;B787;British Airways
1083;B787;British Airways
1084;B787;British Airways
1085;B787;British Airways
1086;B787;British Airways
1087;B787;British Airways
1088;B787;British Airways
1089;B787;British Airways
1090;B787;British Airways
1091;B787;British Airways
1092;B787;British Airways
1093;B787;British Airways
1094;B787;British Airways
1095;B787;British Airways
1096;B787;British Airways
1097;B787;British Airways
1098;B787;British Airways
1099;B787;British Airways
1100;B787;British Airways
1101;B787;British Airways
1102;B787;British Airways
1103;B787;British Airways
1104;B787;British Airways
1105;B787;British Airways
1106;A220;Air France
1107;A220;Air France
1108;A220;Air France
1109;A220;Air France
1110;A220;Air France
1111;A220;Air France
1112;A220;Air France
1113;A220;Air France
1114;A220;Air France
1115;A220;Air France
1116;A220;Air France
1117;A220;Air France
1118;A220;Air France
1119;A220;Air France
1120;A220;Air France
1121;A220;Air France
1122;A220;Air France
1123;A220;Air France
1124;A220;Air France
1125;A220;Air France
1126;A220;Air France
1127;A220;Air France
1128;A220;Air France
1129;A220;Air France
1130;A220;Air France
1131;A220;Air France
1132;A220;Air France
1133;A220;Air France
1134;A220;Air France
1135;A220;Air France
1136;A220;Air France
1137;A318;Air France
1138;A318;Air France
1139;A318;Air France
1140;A318;Air France
1141;A318;Air France
1142;A318;Air France
1143;A319;Air France
1144;A319;Air France
1145;A319;Air France
1146;A319;Air France
1147;A319;Air France
1148;A319;Air France
1149;A319;Air France
1150;A319;Air France
1151;A319;Air France
1152;A319;Air France
1153;A319;Air France
1154;A319;Air France
1155;A319;Air France
1156;A320;Air France
1157;A320;Air France
1158;A320;Air France
1159;A320;Air France
1160;A320;Air France
1161;A320;Air France
1162;A320;Air France
1163;A320;Air France
1164;A320;Air France
1165;A320;Air France
1166;A320;Air France
1167;A320;Air France
1168;A320;Air France
1169;A320;Air France
1170;A320;Air France
1171;A320;Air France
1172;A320;Air France
1173;A320;Air France
1174;A320;Air France
1175;A320;Air France
1176;A320;Air France
1177;A320;Air France
1178;A320;Air France
1179;A320;Air France
1180;A320;Air France
1181;A320;Air France
1182;A320;Air France
1183;A320;Air France
1184;A320;Air France
1185;A320;Air France
1186;A320;Air France
1187;A320;Air France
1188;A320;Air France
1189;A320;Air France
1190;A320;Air France
1191;A320;Air France
1192;A320;Air France
1193;A321;Air France
1194;A321;Air France
1195;A321;Air France
1196;A321;Air France
1197;A321;Air France
1198;A321;Air France
1199;A321;Air France
1200;A321;Air France
1201;A321;Air France
1202;A321;Air France
1203;A321;Air France
1204;A321;Air France
1205;A321;Air France
1206;A321;Air France
1207;A321;Air France
1208;A330;Air France
1209;A330;Air France
1210;A330;Air France
1211;A330;Air France
1212;A330;Air France
1213;A330;Air France
1214;A330;Air France
1215;A330;Air France
1216;A330;Air France
1217;A330;Air France
1218;A330;Air France
1219;A330;Air France
1220;A330;Air France
1221;A330;Air France
1222;A330;Air France
1223;A350;Air France
1224;A350;Air France
1225;A350;Air France
1226;A350;Air France
1227;A350;Air France
1228;A350;Air France
1229;A350;Air France
1230;A350;Air France
1231;A350;Air France
1232;A350;Air France
1233;A350;Air France
1234;A350;Air France
1235;A350;Air France
1236;A350;Air France
1237;A350;Air France
1238;A350;Air France
1239;A350;Air France
1240;A350;Air France
1241;A350;Air France
1242;A350;Air France
1243;A350;Air France
1244;A350;Air France
1245;A350;Air France
1246;B777;Air France
1247;B777;Air France
1248;B777;Air France
1249;B777;Air France
1250;B777;Air France
1251;B777;Air France
1252;B777;Air France
1253;B777;Air France
1254;B777;Air France
1255;B777;Air France
1256;B777;Air France
1257;B777;Air France
1258;B777;Air France
1259;B777;Air France
1260;B777;Air France
1261;B777;Air France
1262;B777;Air France
1263;B777;Air France
1264;B777;Air France
1265;B777;Air France
1266;B777;Air France
1267;B777;Air France
1268;B777;Air France
1269;B777;Air France
1270;B777;Air France
1271;B777;Air France
1272;B777;Air France
1273;B777;Air France
1274;B777;Air France
1275;B777;Air France
1276;B777;Air France
1277;B777;Air France
1278;B777;Air France
1279;B777;Air France
1280;B777;Air France
1281;B777;Air France
1282;B777;Air France
1283;B777;Air France
1284;B777;Air France
1285;B777;Air France
1286;B777;Air France
1287;B777;Air France
1288;B777;Air France
1289;B777;Air France
1290;B777;Air France
1291;B777;Air France
1292;B777;Air France
1293;B777;Air France
1294;B777;Air France
1295;B777;Air France
1296;B777;Air France
1297;B777;Air France
1298;B777;Air France
1299;B777;Air France
1300;B777;Air France
1301;B777;Air France
1302;B777;Air France
1303;B777;Air France
1304;B777;Air France
1305;B777;Air France
1306;B777;Air France
1307;B787;Air France
1308;B787;Air France
1309;B787;Air France
1310;B787;Air France
1311;B787;Air France
1312;B787;Air France
1313;B787;Air France
1314;B787;Air France
1315;B787;Air France
1316;B787;Air France
1317;A220;Swiss
1318;A220;Swiss
1319;A220;Swiss
1320;A220;Swiss
1321;A220;Swiss
1322;A220;Swiss
1323;A220;Swiss
1324;A220;Swiss
1325;A220;Swiss
1326;A220;Swiss
1327;A220;Swiss
1328;A220;Swiss
1329;A220;Swiss
1330;A220;Swiss
1331;A220;Swiss
1332;A220;Swiss
1333;A220;Swiss
1334;A220;Swiss
1335;A220;Swiss
1336;A220;Swiss
1337;A220;Swiss
1338;A220;Swiss
1339;A220;Swiss
1340;A220;Swiss
1341;A220;Swiss
1342;A220;Swiss
1343;A220;Swiss
1344;A220;Swiss
1345;A220;Swiss
1346;A220;Swiss
1347;A320;Swiss
1348;A320;Swiss
1349;A320;Swiss
1350;A320;Swiss
1351;A320;Swiss
1352;A320;Swiss
1353;A320;Swiss
1354;A320;Swiss
1355;A320;Swiss
1356;A320;Swiss
1357;A320;Swiss
1358;A320;Swiss
1359;A320;Swiss
1360;A320;Swiss
1361;A320;Swiss
1362;A320;Swiss
1363;A320;Swiss
1364;A320;Swiss
1365;A321;Swiss
1366;A321;Swiss
1367;A321;Swiss
1368;A321;Swiss
1369;A321;Swiss
1370;A321;Swiss
1371;A321;Swiss
1372;A321;Swiss
1373;A321;Swiss
1374;A321;Swiss
1375;A330;Swiss
1376;A330;Swiss
1377;A330;Swiss
1378;A330;Swiss
1379;A330;Swiss
1380;A330;Swiss
1381;A330;Swiss
1382;A330;Swiss
1383;A330;Swiss
1384;A330;Swiss
1385;A330;Swiss
1386;A330;Swiss
1387;A330;Swiss
1388;A340;Swiss
1389;A340;Swiss
1390;A340;Swiss
1391;A340;Swiss
1392;A777;Swiss
1393;A777;Swiss
1394;A777;Swiss
1395;A777;Swiss
1396;A777;Swiss
1397;A777;Swiss
1398;A777;Swiss
1399;A777;Swiss
1400;A777;Swiss
1401;A777;Swiss
1402;A777;Swiss
1403;A777;Swiss
1404;A777;Swiss
1405;A319;AirSERBIA
1406;A319;AirSERBIA
1407;A319;AirSERBIA
1408;A319;AirSERBIA
1409;A319;AirSERBIA
1410;A319;AirSERBIA
1411;A319;AirSERBIA
1412;A319;AirSERBIA
1413;A319;AirSERBIA
1414;A319;AirSERBIA
1415;A320;AirSERBIA
1416;A320;AirSERBIA
1417;A320;AirSERBIA
1418;A320;AirSERBIA
1419;A330;AirSERBIA
1420;A330;AirSERBIA
1421;ATR72;AirSERBIA
1422;ATR72;AirSERBIA
1423;ATR72;AirSERBIA
1424;ATR72;AirSERBIA
1425;ATR72;AirSERBIA
1426;ATR72;AirSERBIA
1427;ATR72;AirSERBIA
1428;E190;AirSERBIA
1429;E195;AirSERBIA
1430;E195;AirSERBIA
1431;A320;Austrian Airlines
1432;A320;Austrian Airlines
1433;A320;Austrian Airlines
1434;A320;Austrian Airlines
1435;A320;Austrian Airlines
1436;A320;Austrian Airlines
1437;A320;Austrian Airlines
1438;A320;Austrian Airlines
1439;A320;Austrian Airlines
1440;A320;Austrian Airlines
1441;A320;Austrian Airlines
1442;A320;Austrian Airlines
1443;A320;Austrian Airlines
1444;A320;Austrian Airlines
1445;A320;Austrian Airlines
1446;A320;Austrian Airlines
1447;A320;Austrian Airlines
1448;A320;Austrian Airlines
1449;A320;Austrian Airlines
1450;A320;Austrian Airlines
1451;A320;Austrian Airlines
1452;A320;Austrian Airlines
1453;A320;Austrian Airlines
1454;A320;Austrian Airlines
1455;A320;Austrian Airlines
1456;A320;Austrian Airlines
1457;A320;Austrian Airlines
1458;A320;Austrian Airlines
1459;A320;Austrian Airlines
1460;A320;Austrian Airlines
1461;A320;Austrian Airlines
1462;A320;Austrian Airlines
1463;A320;Austrian Airlines
1464;A321;Austrian Airlines
1465;A321;Austrian Airlines
1466;A321;Austrian Airlines
1467;A321;Austrian Airlines
1468;A321;Austrian Airlines
1469;A321;Austrian Airlines
1470;B767;Austrian Airlines
1471;B767;Austrian Airlines
1472;B767;Austrian Airlines
1473;B777;Austrian Airlines
1474;B777;Austrian Airlines
1475;B777;Austrian Airlines
1476;B777;Austrian Airlines
1477;B777;Austrian Airlines
1478;B777;Austrian Airlines
1479;E195;Austrian Airlines
1480;E195;Austrian Airlines
1481;E195;Austrian Airlines
1482;E195;Austrian Airlines
1483;E195;Austrian Airlines
1484;E195;Austrian Airlines
1485;E195;Austrian Airlines
1486;E195;Austrian Airlines
1487;E195;Austrian Airlines
1488;E195;Austrian Airlines
1489;E195;Austrian Airlines
1490;E195;Austrian Airlines
1491;E195;Austrian Airlines
1492;E195;Austrian Airlines
1493;E195;Austrian Airlines
1494;E195;Austrian Airlines
1495;E195;Austrian Airlines
1496;A319;Turkish Airlines
1497;A319;Turkish Airlines
1498;A319;Turkish Airlines
1499;A319;Turkish Airlines
1500;A319;Turkish Airlines
1501;A319;Turkish Airlines
1502;A320;Turkish Airlines
1503;A320;Turkish Airlines
1504;A320;Turkish Airlines
1505;A320;Turkish Airlines
1506;A320;Turkish Airlines
1507;A320;Turkish Airlines
1508;A320;Turkish Airlines
1509;A320;Turkish Airlines
1510;A320;Turkish Airlines
1511;A320;Turkish Airlines
1512;A320;Turkish Airlines
1513;A320;Turkish Airlines
1514;A320;Turkish Airlines
1515;A320;Turkish Airlines
1516;A320;Turkish Airlines
1517;A320;Turkish Airlines
1518;A320;Turkish Airlines
1519;A320;Turkish Airlines
1520;A321;Turkish Airlines
1521;A321;Turkish Airlines
1522;A321;Turkish Airlines
1523;A321;Turkish Airlines
1524;A321;Turkish Airlines
1525;A321;Turkish Airlines
1526;A321;Turkish Airlines
1527;A321;Turkish Airlines
1528;A321;Turkish Airlines
1529;A321;Turkish Airlines
1530;A321;Turkish Airlines
1531;A321;Turkish Airlines
1532;A321;Turkish Airlines
1533;A321;Turkish Airlines
1534;A321;Turkish Airlines
1535;A321;Turkish Airlines
1536;A321;Turkish Airlines
1537;A321;Turkish Airlines
1538;A321;Turkish Airlines
1539;A321;Turkish Airlines
1540;A321;Turkish Airlines
1541;A321;Turkish Airlines
1542;A321;Turkish Airlines
1543;A321;Turkish Airlines
1544;A321;Turkish Airlines
1545;A321;Turkish Airlines
1546;A321;Turkish Airlines
1547;A321;Turkish Airlines
1548;A321;Turkish Airlines
1549;A321;Turkish Airlines
1550;A321;Turkish Airlines
1551;A321;Turkish Airlines
1552;A321;Turkish Airlines
1553;A321;Turkish Airlines
1554;A321;Turkish Airlines
1555;A321;Turkish Airlines
1556;A321;Turkish Airlines
1557;A321;Turkish Airlines
1558;A321;Turkish Airlines
1559;A321;Turkish Airlines
1560;A321;Turkish Airlines
1561;A321;Turkish Airlines
1562;A321;Turkish Airlines
1563;A321;Turkish Airlines
1564;A321;Turkish Airlines
1565;A321;Turkish Airlines
1566;A321;Turkish Airlines
1567;A321;Turkish Airlines
1568;A321;Turkish Airlines
1569;A321;Turkish Airlines
1570;A321;Turkish Airlines
1571;A321;Turkish Airlines
1572;A321;Turkish Airlines
1573;A321;Turkish Airlines
1574;A321;Turkish Airlines
1575;A321;Turkish Airlines
1576;A321;Turkish Airlines
1577;A321;Turkish Airlines
1578;A321;Turkish Airlines
1579;A321;Turkish Airlines
1580;A321;Turkish Airlines
1581;A321;Turkish Airlines
1582;A321;Turkish Airlines
1583;A321;Turkish Airlines
1584;A321;Turkish Airlines
1585;A321;Turkish Airlines
1586;A321;Turkish Airlines
1587;A321;Turkish Airlines
1588;A321;Turkish Airlines
1589;A321;Turkish Airlines
1590;A321;Turkish Airlines
1591;A321;Turkish Airlines
1592;A330;Turkish Airlines
1593;A330;Turkish Airlines
1594;A330;Turkish Airlines
1595;A330;Turkish Airlines
1596;A330;Turkish Airlines
1597;A330;Turkish Airlines
1598;A330;Turkish Airlines
1599;A330;Turkish Airlines
1600;A330;Turkish Airlines
1601;A330;Turkish Airlines
1602;A330;Turkish Airlines
1603;A330;Turkish Airlines
1604;A330;Turkish Airlines
1605;A330;Turkish Airlines
1606;A330;Turkish Airlines
1607;A330;Turkish Airlines
1608;A330;Turkish Airlines
1609;A330;Turkish Airlines
1610;A330;Turkish Airlines
1611;A330;Turkish Airlines
1612;A330;Turkish Airlines
1613;A330;Turkish Airlines
1614;A330;Turkish Airlines
1615;A330;Turkish Airlines
1616;A330;Turkish Airlines
1617;A330;Turkish Airlines
1618;A330;Turkish Airlines
1619;A330;Turkish Airlines
1620;A330;Turkish Airlines
1621;A330;Turkish Airlines
1622;A330;Turkish Airlines
1623;A330;Turkish Airlines
1624;A330;Turkish Airlines
1625;A330;Turkish Airlines
1626;A330;Turkish Airlines
1627;A330;Turkish Airlines
1628;A330;Turkish Airlines
1629;A330;Turkish Airlines
1630;A330;Turkish Airlines
1631;A330;Turkish Airlines
1632;A330;Turkish Airlines
1633;A330;Turkish Airlines
1634;A330;Turkish Airlines
1635;A330;Turkish Airlines
1636;A330;Turkish Airlines
1637;A330;Turkish Airlines
1638;A330;Turkish Airlines
1639;A330;Turkish Airlines
1640;A330;Turkish Airlines
1641;A350;Turkish Airlines
1642;A350;Turkish Airlines
1643;A350;Turkish Airlines
1644;A350;Turkish Airlines
1645;A350;Turkish Airlines
1646;A350;Turkish Airlines
1647;A350;Turkish Airlines
1648;A350;Turkish Airlines
1649;A350;Turkish Airlines
1650;A350;Turkish Airlines
1651;A350;Turkish Airlines
1652;A350;Turkish Airlines
1653;A350;Turkish Airlines
1654;A350;Turkish Airlines
1655;B737;Turkish Airlines
1656;B737;Turkish Airlines
1657;B737;Turkish Airlines
1658;B737;Turkish Airlines
1659;B737;Turkish Airlines
1660;B737;Turkish Airlines
1661;B737;Turkish Airlines
1662;B737;Turkish Airlines
1663;B737;Turkish Airlines
1664;B737;Turkish Airlines
1665;B737;Turkish Airlines
1666;B737;Turkish Airlines
1667;B737;Turkish Airlines
1668;B737;Turkish Airlines
1669;B737;Turkish Airlines
1670;B737;Turkish Airlines
1671;B737;Turkish Airlines
1672;B737;Turkish Airlines
1673;B737;Turkish Airlines
1674;B737;Turkish Airlines
1675;B737;Turkish Airlines
1676;B737;Turkish Airlines
1677;B737;Turkish Airlines
1678;B737;Turkish Airlines
1679;B737;Turkish Airlines
1680;B737;Turkish Airlines
1681;B737;Turkish Airlines
1682;B737;Turkish Airlines
1683;B737;Turkish Airlines
1684;B737;Turkish Airlines
1685;B737;Turkish Airlines
1686;B737;Turkish Airlines
1687;B737;Turkish Airlines
1688;B737;Turkish Airlines
1689;B737;Turkish Airlines
1690;B737;Turkish Airlines
1691;B737;Turkish Airlines
1692;B737;Turkish Airlines
1693;B737;Turkish Airlines
1694;B737;Turkish Airlines
1695;B737;Turkish Airlines
1696;B737;Turkish Airlines
1697;B737;Turkish Airlines
1698;B737;Turkish Airlines
1699;B737;Turkish Airlines
1700;B737;Turkish Airlines
1701;B737;Turkish Airlines
1702;B737;Turkish Airlines
1703;B737;Turkish Airlines
1704;B737;Turkish Airlines
1705;B737;Turkish Airlines
1706;B737;Turkish Airlines
1707;B737;Turkish Airlines
1708;B737;Turkish Airlines
1709;B737;Turkish Airlines
1710;B737;Turkish Airlines
1711;B737;Turkish Airlines
1712;B737;Turkish Airlines
1713;B737;Turkish Airlines
1714;B737;Turkish Airlines
1715;B737;Turkish Airlines
1716;B737;Turkish Airlines
1717;B737;Turkish Airlines
1718;B737;Turkish Airlines
1719;B737;Turkish Airlines
1720;B737;Turkish Airlines
1721;B737;Turkish Airlines
1722;B737;Turkish Airlines
1723;B737;Turkish Airlines
1724;B737;Turkish Airlines
1725;B737;Turkish Airlines
1726;B737;Turkish Airlines
1727;B737;Turkish Airlines
1728;B737;Turkish Airlines
1729;B737;Turkish Airlines
1730;B737;Turkish Airlines
1731;B737;Turkish Airlines
1732;B737;Turkish Airlines
1733;B737;Turkish Airlines
1734;B737;Turkish Airlines
1735;B737;Turkish Airlines
1736;B737;Turkish Airlines
1737;B737;Turkish Airlines
1738;B737;Turkish Airlines
1739;B737;Turkish Airlines
1740;B737;Turkish Airlines
1741;B777;Turkish Airlines
1742;B777;Turkish Airlines
1743;B777;Turkish Airlines
1744;B777;Turkish Airlines
1745;B777;Turkish Airlines
1746;B777;Turkish Airlines
1747;B777;Turkish Airlines
1748;B777;Turkish Airlines
1749;B777;Turkish Airlines
1750;B777;Turkish Airlines
1751;B777;Turkish Airlines
1752;B777;Turkish Airlines
1753;B777;Turkish Airlines
1754;B777;Turkish Airlines
1755;B777;Turkish Airlines
1756;B777;Turkish Airlines
1757;B777;Turkish Airlines
1758;B777;Turkish Airlines
1759;B777;Turkish Airlines
1760;B777;Turkish Airlines
1761;B777;Turkish Airlines
1762;B777;Turkish Airlines
1763;B777;Turkish Airlines
1764;B777;Turkish Airlines
1765;B777;Turkish Airlines
1766;B777;Turkish Airlines
1767;B777;Turkish Airlines
1768;B777;Turkish Airlines
1769;B777;Turkish Airlines
1770;B777;Turkish Airlines
1771;B777;Turkish Airlines
1772;B777;Turkish Airlines
1773;B777;Turkish Airlines
1774;B787;Turkish Airlines
1775;B787;Turkish Airlines
1776;B787;Turkish Airlines
1777;B787;Turkish Airlines
1778;B787;Turkish Airlines
1779;B787;Turkish Airlines
1780;B787;Turkish Airlines
1781;B787;Turkish Airlines
1782;B787;Turkish Airlines
1783;B787;Turkish Airlines
1784;B787;Turkish Airlines
1785;B787;Turkish Airlines
1786;B787;Turkish Airlines
1787;B787;Turkish Airlines
1788;B787;Turkish Airlines
1789;B787;Turkish Airlines
1790;B787;Turkish Airlines
1791;B787;Turkish Airlines
1792;B787;Turkish Airlines
1793;B787;Turkish Airlines
1794;B787;Turkish Airlines
1795;A320;Wizz Air
1796;A320;Wizz Air
1797;A320;Wizz Air
1798;A320;Wizz Air
1799;A320;Wizz Air
1800;A320;Wizz Air
1801;A320;Wizz Air
1802;A320;Wizz Air
1803;A320;Wizz Air
1804;A320;Wizz Air
1805;A320;Wizz Air
1806;A320;Wizz Air
1807;A320;Wizz Air
1808;A320;Wizz Air
1809;A320;Wizz Air
1810;A320;Wizz Air
1811;A321;Wizz Air
1812;A321;Wizz Air
1813;A321;Wizz Air
1814;A321;Wizz Air
1815;A321;Wizz Air
1816;A321;Wizz Air
1817;A321;Wizz Air
1818;A321;Wizz Air
1819;A321;Wizz Air
1820;A321;Wizz Air
1821;A321;Wizz Air
1822;A321;Wizz Air
1823;A321;Wizz Air
1824;A321;Wizz Air
1825;A321;Wizz Air
1826;A321;Wizz Air
1827;A321;Wizz Air
1828;A321;Wizz Air
1829;A321;Wizz Air
1830;A321;Wizz Air
1831;A321;Wizz Air
1832;A321;Wizz Air
1833;A321;Wizz Air
1834;A321;Wizz Air
1835;A321;Wizz Air
1836;A321;Wizz Air
1837;A321;Wizz Air
1838;A321;Wizz Air
1839;A321;Wizz Air
1840;A321;Wizz Air
1841;A321;Wizz Air
1842;A321;Wizz Air
1843;A321;Wizz Air
1844;A321;Wizz Air
1845;A321;Wizz Air
1846;A321;Wizz Air
1847;A321;Wizz Air
1848;A321;Wizz Air
1849;A321;Wizz Air
1850;A321;Wizz Air
1851;A321;Wizz Air
1852;A321;Wizz Air
1853;A321;Wizz Air
1854;A321;Wizz Air
1855;A321;Wizz Air
1856;A321;Wizz Air
1857;A321;Wizz Air
1858;A321;Wizz Air
1859;A321;Wizz Air
1860;A321;Wizz Air
1861;A321;Wizz Air
1862;A321;Wizz Air
1863;A321;Wizz Air
1864;A321;Wizz Air
1865;A321;Wizz Air
1866;A321;Wizz Air
1867;A321;Wizz Air
1868;A321;Wizz Air
1869;A321;Wizz Air
1870;A321;Wizz Air
1871;A321;Wizz Air
1872;A321;Wizz Air
1873;A321;Wizz Air
1874;A321;Wizz Air
1875;A321;Wizz Air
1876;A321;Wizz Air
1877;A321;Wizz Air
1878;A330;Wizz Air
1879;A319;Lufthansa
1880;A319;Lufthansa
1881;A319;Lufthansa
1882;A319;Lufthansa
1883;A319;Lufthansa
1884;A319;Lufthansa
1885;A319;Lufthansa
1886;A319;Lufthansa
1887;A319;Lufthansa
1888;A319;Lufthansa
1889;A319;Lufthansa
1890;A319;Lufthansa
1891;A319;Lufthansa
1892;A319;Lufthansa
1893;A319;Lufthansa
1894;A319;Lufthansa
1895;A319;Lufthansa
1896;A319;Lufthansa
1897;A319;Lufthansa
1898;A319;Lufthansa
1899;A319;Lufthansa
1900;A319;Lufthansa
1901;A320;Lufthansa
1902;A320;Lufthansa
1903;A320;Lufthansa
1904;A320;Lufthansa
1905;A320;Lufthansa
1906;A320;Lufthansa
1907;A320;Lufthansa
1908;A320;Lufthansa
1909;A320;Lufthansa
1910;A320;Lufthansa
1911;A320;Lufthansa
1912;A320;Lufthansa
1913;A320;Lufthansa
1914;A320;Lufthansa
1915;A320;Lufthansa
1916;A320;Lufthansa
1917;A320;Lufthansa
1918;A320;Lufthansa
1919;A320;Lufthansa
1920;A320;Lufthansa
1921;A320;Lufthansa
1922;A320;Lufthansa
1923;A320;Lufthansa
1924;A320;Lufthansa
1925;A320;Lufthansa
1926;A320;Lufthansa
1927;A320;Lufthansa
1928;A320;Lufthansa
1929;A320;Lufthansa
1930;A320;Lufthansa
1931;A320;Lufthansa
1932;A320;Lufthansa
1933;A320;Lufthansa
1934;A320;Lufthansa
1935;A320;Lufthansa
1936;A320;Lufthansa
1937;A320;Lufthansa
1938;A320;Lufthansa
1939;A320;Lufthansa
1940;A320;Lufthansa
1941;A320;Lufthansa
1942;A320;Lufthansa
1943;A320;Lufthansa
1944;A320;Lufthansa
1945;A320;Lufthansa
1946;A320;Lufthansa
1947;A320;Lufthansa
1948;A320;Lufthansa
1949;A320;Lufthansa
1950;A320;Lufthansa
1951;A320;Lufthansa
1952;A320;Lufthansa
1953;A321;Lufthansa
1954;A321;Lufthansa
1955;A321;Lufthansa
1956;A321;Lufthansa
1957;A321;Lufthansa
1958;A321;Lufthansa
1959;A321;Lufthansa
1960;A321;Lufthansa
1961;A321;Lufthansa
1962;A321;Lufthansa
1963;A321;Lufthansa
1964;A321;Lufthansa
1965;A321;Lufthansa
1966;A321;Lufthansa
1967;A321;Lufthansa
1968;A321;Lufthansa
1969;A321;Lufthansa
1970;A321;Lufthansa
1971;A321;Lufthansa
1972;A321;Lufthansa
1973;A321;Lufthansa
1974;A321;Lufthansa
1975;A321;Lufthansa
1976;A321;Lufthansa
1977;A321;Lufthansa
1978;A321;Lufthansa
1979;A321;Lufthansa
1980;A321;Lufthansa
1981;A321;Lufthansa
1982;A321;Lufthansa
1983;A321;Lufthansa
1984;A321;Lufthansa
1985;A321;Lufthansa
1986;A321;Lufthansa
1987;A321;Lufthansa
1988;A321;Lufthansa
1989;A321;Lufthansa
1990;A321;Lufthansa
1991;A321;Lufthansa
1992;A321;Lufthansa
1993;A321;Lufthansa
1994;A321;Lufthansa
1995;A321;Lufthansa
1996;A321;Lufthansa
1997;A321;Lufthansa
1998;A321;Lufthansa
1999;A321;Lufthansa
2000;A321;Lufthansa
2001;A321;Lufthansa
2002;A321;Lufthansa
2003;A321;Lufthansa
2004;A321;Lufthansa
2005;A321;Lufthansa
2006;A321;Lufthansa
2007;A321;Lufthansa
2008;A321;Lufthansa
2009;A321;Lufthansa
2010;A321;Lufthansa
2011;A321;Lufthansa
2012;A321;Lufthansa
2013;A321;Lufthansa
2014;A321;Lufthansa
2015;A321;Lufthansa
2016;A321;Lufthansa
2017;A321;Lufthansa
2018;A321;Lufthansa
2019;A321;Lufthansa
2020;A321;Lufthansa
2021;A321;Lufthansa
2022;A321;Lufthansa
2023;A321;Lufthansa
2024;A321;Lufthansa
2025;A321;Lufthansa
2026;A321;Lufthansa
2027;A321;Lufthansa
2028;A330;Lufthansa
2029;A330;Lufthansa
2030;A330;Lufthansa
2031;A330;Lufthansa
2032;A330;Lufthansa
2033;A330;Lufthansa
2034;A330;Lufthansa
2035;A330;Lufthansa
2036;A330;Lufthansa
2037;A330;Lufthansa
2038;A340;Lufthansa
2039;A340;Lufthansa
2040;A340;Lufthansa
2041;A340;Lufthansa
2042;A340;Lufthansa
2043;A340;Lufthansa
2044;A340;Lufthansa
2045;A340;Lufthansa
2046;A340;Lufthansa
2047;A340;Lufthansa
2048;A340;Lufthansa
2049;A340;Lufthansa
2050;A340;Lufthansa
2051;A340;Lufthansa
2052;A340;Lufthansa
2053;A340;Lufthansa
2054;A350;Lufthansa
2055;A350;Lufthansa
2056;A350;Lufthansa
2057;A350;Lufthansa
2058;A350;Lufthansa
2059;A350;Lufthansa
2060;A350;Lufthansa
2061;A350;Lufthansa
2062;A350;Lufthansa
2063;A350;Lufthansa
2064;A350;Lufthansa
2065;A350;Lufthansa
2066;A350;Lufthansa
2067;A350;Lufthansa
2068;A350;Lufthansa
2069;A350;Lufthansa
2070;A350;Lufthansa
2071;A350;Lufthansa
2072;A350;Lufthansa
2073;A350;Lufthansa
2074;A350;Lufthansa
2075;A380;Lufthansa
2076;A380;Lufthansa
2077;A380;Lufthansa
2078;A380;Lufthansa
2079;B747;Lufthansa
2080;B747;Lufthansa
2081;B747;Lufthansa
2082;B747;Lufthansa
2083;B747;Lufthansa
2084;B747;Lufthansa
2085;B747;Lufthansa
2086;B747;Lufthansa
2087;B747;Lufthansa
2088;B747;Lufthansa
2089;B747;Lufthansa
2090;B747;Lufthansa
2091;B747;Lufthansa
2092;B747;Lufthansa
2093;B747;Lufthansa
2094;B747;Lufthansa
2095;B747;Lufthansa
2096;B747;Lufthansa
2097;B747;Lufthansa
2098;B747;Lufthansa
2099;B747;Lufthansa
2100;B747;Lufthansa
2101;B747;Lufthansa
2102;B747;Lufthansa
2103;B787;Lufthansa
2104;B787;Lufthansa
2105;B787;Lufthansa
2106;B787;Lufthansa
2107;B787;Lufthansa
